{
  "artifacts": [],
  "command": "my_main",
  "experiment": {
    "base_dir": "/Users/ammarfayad/Downloads/ALITA-and-others/src",
    "dependencies": [
      "munch==2.5.0",
      "numpy==1.21.4",
      "PyYAML==5.3.1",
      "sacred==0.8.2",
      "torch==1.10.0"
    ],
    "mainfile": "main.py",
    "name": "pymarl",
    "repositories": [],
    "sources": [
      [
        "main.py",
        "_sources/main_b3ff5451593b67cd33b9ec035b3b4842.py"
      ],
      [
        "utils/logging.py",
        "_sources/logging_ce9a261c391cbeae67129d3d806d06da.py"
      ]
    ]
  },
  "fail_trace": [
    "Traceback (most recent call last):\n",
    "  File \"/Users/ammarfayad/Anaconda/anaconda3/envs/pymarl/lib/python3.8/site-packages/sacred/config/captured_function.py\", line 42, in captured_function\n    result = wrapped(*args, **kwargs)\n",
    "  File \"src/main.py\", line 38, in my_main\n    run_REGISTRY[_config['run']](_run, config, _log)\n",
    "  File \"/Users/ammarfayad/Downloads/ALITA-and-others/src/run/run.py\", line 54, in run\n    run_sequential(args=args, logger=logger)\n",
    "  File \"/Users/ammarfayad/Downloads/ALITA-and-others/src/run/run.py\", line 124, in run_sequential\n    learner = le_REGISTRY[args.learner](mac, buffer.scheme, logger, args)\n",
    "KeyError: 'alita_learner'\n"
  ],
  "heartbeat": "2021-11-28T21:47:31.955453",
  "host": {
    "ENV": {},
    "cpu": "Intel(R) Core(TM) i7-9750H CPU @ 2.60GHz",
    "hostname": "C02FK46AMD6M.tld",
    "os": [
      "Darwin",
      "macOS-10.16-x86_64-i386-64bit"
    ],
    "python_version": "3.8.12"
  },
  "meta": {
    "command": "my_main",
    "options": {
      "--beat-interval": null,
      "--capture": null,
      "--comment": null,
      "--debug": false,
      "--enforce_clean": false,
      "--file_storage": null,
      "--force": false,
      "--help": false,
      "--loglevel": null,
      "--mongo_db": null,
      "--name": null,
      "--pdb": false,
      "--print-config": false,
      "--priority": null,
      "--queue": false,
      "--s3": null,
      "--sql": null,
      "--tiny_db": null,
      "--unobserved": false,
      "COMMAND": null,
      "UPDATE": [
        "env_args.map_name=corridor"
      ],
      "help": false,
      "with": true
    }
  },
  "resources": [],
  "result": null,
  "start_time": "2021-11-28T21:47:19.152346",
  "status": "FAILED",
  "stop_time": "2021-11-28T21:47:31.968437"
}